{
  "name": "VATICAN_ROUTE",
  "description": "Variant A POI polyline — reference regression fixture",
  "input": [
    [
      12.456,
      41.9073
    ],
    [
      12.4555,
      41.9055
    ],
    [
      12.4533,
      41.9023
    ],
    [
      12.454,
      41.9058
    ],
    [
      12.4544,
      41.9045
    ],
    [
      12.454,
      41.9038
    ],
    [
      12.4536,
      41.9024
    ]
  ],
  "samplesPerEdge": 22,
  "outputPointCount": 133,
  "output": [
    [
      12.456,
      41.9073
    ],
    [
      12.455977954131313,
      41.90721072350241
    ],
    [
      12.455955838684448,
      41.90712136080552
    ],
    [
      12.455933584081217,
      41.90703182571006
    ],
    [
      12.455911120743446,
      41.90694203201671
    ],
    [
      12.455888379092947,
      41.90685189352622
    ],
    [
      12.455865289551541,
      41.906761324039266
    ],
    [
      12.455841782541047,
      41.90667023735657
    ],
    [
      12.455817788483284,
      41.90657854727884
    ],
    [
      12.455793237800068,
      41.906486167606786
    ],
    [
      12.45576806091322,
      41.90639301214111
    ],
    [
      12.455742188244558,
      41.90629899468254
    ],
    [
      12.455715550215901,
      41.90620402903176
    ],
    [
      12.455688077249068,
      41.9061080289895
    ],
    [
      12.455659699765876,
      41.90601090835646
    ],
    [
      12.455630348188148,
      41.90591258093335
    ],
    [
      12.455599952937694,
      41.905812960520876
    ],
    [
      12.455568444436343,
      41.90571196091977
    ],
    [
      12.455535753105904,
      41.905609495930705
    ],
    [
      12.455501809368203,
      41.90550547935442
    ],
    [
      12.455452676584608,
      41.90540634504603
    ],
    [
      12.455401525074986,
      41.90530610626881
    ],
    [
      12.455349197075483,
      41.905204596173355
    ],
    [
      12.455295769152047,
      41.90510200522187
    ],
    [
      12.455241317870627,
      41.90499852387659
    ],
    [
      12.455185919797168,
      41.904894342599725
    ],
    [
      12.455129651497623,
      41.90478965185348
    ],
    [
      12.455072589537936,
      41.90468464210005
    ],
    [
      12.455014810484057,
      41.904579503801685
    ],
    [
      12.454956390901929,
      41.90447442742056
    ],
    [
      12.454897407357507,
      41.90436960341891
    ],
    [
      12.45483793641673,
      41.90426522225892
    ],
    [
      12.454778054645555,
      41.904161474402834
    ],
    [
      12.45471783860992,
      41.90405855031285
    ],
    [
      12.454657364875784,
      41.90395664045117
    ],
    [
      12.454596710009087,
      41.90385593528002
    ],
    [
      12.454535950575774,
      41.90375662526161
    ],
    [
      12.454475163141801,
      41.90365890085814
    ],
    [
      12.454414424273113,
      41.90356295253182
    ],
    [
      12.454353810535654,
      41.90346897074489
    ],
    [
      12.454293398495375,
      41.903377145959524
    ],
    [
      12.454233264718223,
      41.90328766863796
    ],
    [
      12.454173485770147,
      41.9032007292424
    ],
    [
      12.454114138217093,
      41.90311651823506
    ],
    [
      12.45405529862501,
      41.903035226078146
    ],
    [
      12.453997043559845,
      41.90295704323387
    ],
    [
      12.453939449587548,
      41.902882160164445
    ],
    [
      12.45388259327406,
      41.90281076733209
    ],
    [
      12.453826551185335,
      41.902743055199004
    ],
    [
      12.453771399887321,
      41.902679214227405
    ],
    [
      12.453717215945963,
      41.902619434879504
    ],
    [
      12.453664075927207,
      41.90256390761751
    ],
    [
      12.453612056397008,
      41.902512822903645
    ],
    [
      12.453561233921306,
      41.90246637120011
    ],
    [
      12.453511685066053,
      41.902424742969124
    ],
    [
      12.453463486397192,
      41.90238812867288
    ],
    [
      12.453416714480678,
      41.90235671877361
    ],
    [
      12.453371445882453,
      41.902330703733526
    ],
    [
      12.45332775716847,
      41.902310274014816
    ],
    [
      12.453298593276017,
      41.90232606793305
    ],
    [
      12.453295640413268,
      41.902405624951626
    ],
    [
      12.453294348854936,
      41.90249055935406
    ],
    [
      12.453294684856392,
      41.90258048182745
    ],
    [
      12.453296614672997,
      41.90267500305887
    ],
    [
      12.453300104560125,
      41.90277373373543
    ],
    [
      12.453305120773141,
      41.9028762845442
    ],
    [
      12.453311629567411,
      41.902982266172295
    ],
    [
      12.453319597198307,
      41.903091289306786
    ],
    [
      12.453328989921195,
      41.90320296463477
    ],
    [
      12.453339773991441,
      41.90331690284336
    ],
    [
      12.453351915664415,
      41.90343271461961
    ],
    [
      12.453365381195487,
      41.903550010650626
    ],
    [
      12.45338013684002,
      41.903668401623506
    ],
    [
      12.45339614885338,
      41.90378749822533
    ],
    [
      12.45341338349094,
      41.9039069111432
    ],
    [
      12.45343180700807,
      41.9040262510642
    ],
    [
      12.453451385660125,
      41.90414512867542
    ],
    [
      12.453472085702488,
      41.90426315466395
    ],
    [
      12.453493873390519,
      41.904379939716875
    ],
    [
      12.453516714979585,
      41.90449509452131
    ],
    [
      12.453540576725056,
      41.904608229764314
    ],
    [
      12.4535654248823,
      41.90471895613301
    ],
    [
      12.453591225706683,
      41.90482688431446
    ],
    [
      12.453617945453573,
      41.90493162499577
    ],
    [
      12.45364555037834,
      41.90503278886403
    ],
    [
      12.45367400673635,
      41.90512998660632
    ],
    [
      12.45370328078297,
      41.90522282890975
    ],
    [
      12.45373333877357,
      41.9053109264614
    ],
    [
      12.453764146963515,
      41.90539388994836
    ],
    [
      12.453795671608178,
      41.90547133005772
    ],
    [
      12.453827878962919,
      41.90554285747656
    ],
    [
      12.45386073528311,
      41.905608082892
    ],
    [
      12.453894206824117,
      41.90566661699111
    ],
    [
      12.45392825984131,
      41.90571807046099
    ],
    [
      12.453962860590057,
      41.90576205398872
    ],
    [
      12.453997975325725,
      41.90579817826139
    ],
    [
      12.454038039381,
      41.905736725361045
    ],
    [
      12.454078425318817,
      41.90566236139282
    ],
    [
      12.454118400723223,
      41.905581361510336
    ],
    [
      12.454157508078909,
      41.905494567265265
    ],
    [
      12.45419528987059,
      41.90540282020928
    ],
    [
      12.45423128858296,
      41.90530696189406
    ],
    [
      12.454265046700721,
      41.90520783387127
    ],
    [
      12.454296106708581,
      41.905106277692596
    ],
    [
      12.454324011091238,
      41.90500313490967
    ],
    [
      12.454348302333393,
      41.90489924707421
    ],
    [
      12.454368522919752,
      41.90479545573786
    ],
    [
      12.454384215335013,
      41.90469260245229
    ],
    [
      12.45439492206388,
      41.90459152876919
    ],
    [
      12.454397419837317,
      41.90449338253697
    ],
    [
      12.454358341427145,
      41.90440239717407
    ],
    [
      12.45431447977393,
      41.90431421456895
    ],
    [
      12.454266847404552,
      41.904228274823794
    ],
    [
      12.45421645684591,
      41.904144018040746
    ],
    [
      12.454164320624885,
      41.90406088432199
    ],
    [
      12.454111451268371,
      41.90397831376969
    ],
    [
      12.454058861303249,
      41.903895746486036
    ],
    [
      12.454007563256416,
      41.90381262257318
    ],
    [
      12.453967667350568,
      41.90372456412299
    ],
    [
      12.453931725014337,
